{
  "2018-12-11": {
    "USD": 1.1379,
    "JPY": 128.75,
    "BGN": 1.9558,
    "CZK": 25.845,
    "DKK": 7.4641,
    "GBP": 0.90228,
    "HUF": 323.4,
    "PLN": 4.2983,
    "RON": 4.6557,
    "SEK": 10.297,
    "CHF": 1.1248,
    "ISK": 140.2,
    "NOK": 9.7038,
    "HRK": 7.3943,
    "RUB": 75.5225,
    "TRY": 6.1295,
    "AUD": 1.5778,
    "BRL": 4.4417,
    "CAD": 1.5239,
    "CNY": 7.8498,
    "HKD": 8.8934,
    "IDR": 16625.0,
    "ILS": 4.2691,
    "INR": 81.8215,
    "KRW": 1284.17,
    "MXN": 23.0209,
    "MYR": 4.7615,
    "NZD": 1.6526,
    "PHP": 60.009,
    "SGD": 1.5617,
    "THB": 37.317,
    "ZAR": 16.2903
  },
  "2018-12-10": {
    "USD": 1.1425,
    "JPY": 128.79,
    "BGN": 1.9558,
    "CZK": 25.866,
    "DKK": 7.4639,
    "GBP": 0.90245,
    "HUF": 323.15,
    "PLN": 4.2921,
    "RON": 4.6502,
    "SEK": 10.333,
    "CHF": 1.1295,
    "ISK": 140.0,
    "NOK": 9.6885,
    "HRK": 7.387,
    "RUB": 75.8985,
    "TRY": 6.0499,
    "AUD": 1.5842,
    "BRL": 4.4524,
    "CAD": 1.5218,
    "CNY": 7.8967,
    "HKD": 8.9283,
    "IDR": 16671.36,
    "ILS": 4.2642,
    "INR": 82.7284,
    "KRW": 1287.42,
    "MXN": 23.132,
    "MYR": 4.7671,
    "NZD": 1.6581,
    "PHP": 60.367,
    "SGD": 1.5667,
    "THB": 37.525,
    "ZAR": 16.3463
  },
  "2018-12-07": {
    "USD": 1.1371,
    "JPY": 128.36,
    "BGN": 1.9558,
    "CZK": 25.851,
    "DKK": 7.4641,
    "GBP": 0.89085,
    "HUF": 323.5,
    "PLN": 4.2895,
    "RON": 4.6485,
    "SEK": 10.2665,
    "CHF": 1.1299,
    "ISK": 139.5,
    "NOK": 9.697,
    "HRK": 7.3913,
    "RUB": 75.885,
    "TRY": 6.0619,
    "AUD": 1.5766,
    "BRL": 4.4358,
    "CAD": 1.523,
    "CNY": 7.8244,
    "HKD": 8.8866,
    "IDR": 16454.01,
    "ILS": 4.2545,
    "INR": 80.509,
    "KRW": 1278.67,
    "MXN": 23.1435,
    "MYR": 4.7372,
    "NZD": 1.6558,
    "PHP": 60.059,
    "SGD": 1.5583,
    "THB": 37.359,
    "ZAR": 16.0673
  },
  "2018-12-06": {
    "USD": 1.1351,
    "JPY": 128.04,
    "BGN": 1.9558,
    "CZK": 25.89,
    "DKK": 7.4635,
    "GBP": 0.8893,
    "HUF": 323.75,
    "PLN": 4.2881,
    "RON": 4.6548,
    "SEK": 10.2355,
    "CHF": 1.1304,
    "ISK": 138.4,
    "NOK": 9.7028,
    "HRK": 7.3965,
    "RUB": 75.9421,
    "TRY": 6.0947,
    "AUD": 1.5745,
    "BRL": 4.437,
    "CAD": 1.5229,
    "CNY": 7.8239,
    "HKD": 8.8669,
    "IDR": 16481.65,
    "ILS": 4.2367,
    "INR": 80.495,
    "KRW": 1273.03,
    "MXN": 23.3643,
    "MYR": 4.7271,
    "NZD": 1.6517,
    "PHP": 60.012,
    "SGD": 1.556,
    "THB": 37.282,
    "ZAR": 15.9797
  },
  "2018-12-05": {
    "USD": 1.1354,
    "JPY": 128.31,
    "BGN": 1.9558,
    "CZK": 25.886,
    "DKK": 7.463,
    "GBP": 0.88885,
    "HUF": 323.49,
    "PLN": 4.2826,
    "RON": 4.6528,
    "SEK": 10.1753,
    "CHF": 1.1328,
    "ISK": 139.4,
    "NOK": 9.648,
    "HRK": 7.399,
    "RUB": 75.8385,
    "TRY": 6.0453,
    "AUD": 1.5569,
    "BRL": 4.3692,
    "CAD": 1.5076,
    "CNY": 7.7848,
    "HKD": 8.8695,
    "IDR": 16344.08,
    "ILS": 4.2293,
    "INR": 80.066,
    "KRW": 1264.39,
    "MXN": 23.2282,
    "MYR": 4.7165,
    "NZD": 1.6398,
    "PHP": 59.878,
    "SGD": 1.552,
    "THB": 37.19,
    "ZAR": 15.6366
  },
  "2018-12-04": {
    "USD": 1.1409,
    "JPY": 128.68,
    "BGN": 1.9558,
    "CZK": 25.901,
    "DKK": 7.4626,
    "GBP": 0.89058,
    "HUF": 323.2,
    "PLN": 4.2823,
    "RON": 4.6514,
    "SEK": 10.2293,
    "CHF": 1.1348,
    "ISK": 139.6,
    "NOK": 9.6473,
    "HRK": 7.4015,
    "RUB": 75.7901,
    "TRY": 6.1035,
    "AUD": 1.5451,
    "BRL": 4.3642,
    "CAD": 1.5031,
    "CNY": 7.7986,
    "HKD": 8.9071,
    "IDR": 16303.46,
    "ILS": 4.2537,
    "INR": 80.472,
    "KRW": 1261.04,
    "MXN": 23.2057,
    "MYR": 4.7319,
    "NZD": 1.6406,
    "PHP": 60.035,
    "SGD": 1.555,
    "THB": 37.273,
    "ZAR": 15.5292
  },
  "2018-12-03": {
    "USD": 1.1332,
    "JPY": 128.7,
    "BGN": 1.9558,
    "CZK": 25.921,
    "DKK": 7.4622,
    "GBP": 0.8915,
    "HUF": 322.76,
    "PLN": 4.2809,
    "RON": 4.6539,
    "SEK": 10.2355,
    "CHF": 1.1323,
    "ISK": 139.4,
    "NOK": 9.6893,
    "HRK": 7.4038,
    "RUB": 75.4428,
    "TRY": 5.946,
    "AUD": 1.5354,
    "BRL": 4.3367,
    "CAD": 1.4931,
    "CNY": 7.8074,
    "HKD": 8.8615,
    "IDR": 16188.27,
    "ILS": 4.2144,
    "INR": 79.791,
    "KRW": 1260.44,
    "MXN": 22.7129,
    "MYR": 4.7073,
    "NZD": 1.6376,
    "PHP": 59.41,
    "SGD": 1.5491,
    "THB": 37.152,
    "ZAR": 15.5084
  },
  "2018-11-30": {
    "USD": 1.1359,
    "JPY": 128.99,
    "BGN": 1.9558,
    "CZK": 25.957,
    "DKK": 7.4622,
    "GBP": 0.89068,
    "HUF": 323.62,
    "PLN": 4.29,
    "RON": 4.6598,
    "SEK": 10.3195,
    "CHF": 1.134,
    "ISK": 139.4,
    "NOK": 9.74,
    "HRK": 7.4055,
    "RUB": 76.0734,
    "TRY": 5.8753,
    "AUD": 1.5565,
    "BRL": 4.3843,
    "CAD": 1.5116,
    "CNY": 7.8897,
    "HKD": 8.8851,
    "IDR": 16246.21,
    "ILS": 4.2167,
    "INR": 79.0815,
    "KRW": 1274.04,
    "MXN": 23.091,
    "MYR": 4.7532,
    "NZD": 1.6556,
    "PHP": 59.536,
    "SGD": 1.5581,
    "THB": 37.348,
    "ZAR": 15.6258
  },
  "2018-11-29": {
    "USD": 1.1387,
    "JPY": 128.99,
    "BGN": 1.9558,
    "CZK": 25.967,
    "DKK": 7.4622,
    "GBP": 0.89135,
    "HUF": 323.42,
    "PLN": 4.2916,
    "RON": 4.6531,
    "SEK": 10.317,
    "CHF": 1.1324,
    "ISK": 142.3,
    "NOK": 9.7318,
    "HRK": 7.416,
    "RUB": 75.542,
    "TRY": 5.8747,
    "AUD": 1.5525,
    "BRL": 4.3867,
    "CAD": 1.5117,
    "CNY": 7.9063,
    "HKD": 8.9078,
    "IDR": 16334.14,
    "ILS": 4.2258,
    "INR": 79.537,
    "KRW": 1275.57,
    "MXN": 23.016,
    "MYR": 4.7575,
    "NZD": 1.6573,
    "PHP": 59.676,
    "SGD": 1.5603,
    "THB": 37.503,
    "ZAR": 15.5182
  },
  "2018-11-28": {
    "USD": 1.1284,
    "JPY": 128.47,
    "BGN": 1.9558,
    "CZK": 25.931,
    "DKK": 7.4616,
    "GBP": 0.88245,
    "HUF": 324.37,
    "PLN": 4.2953,
    "RON": 4.659,
    "SEK": 10.2544,
    "CHF": 1.1273,
    "ISK": 141.6,
    "NOK": 9.7085,
    "HRK": 7.4159,
    "RUB": 75.91,
    "TRY": 5.9268,
    "AUD": 1.5595,
    "BRL": 4.3579,
    "CAD": 1.5036,
    "CNY": 7.8464,
    "HKD": 8.8328,
    "IDR": 16401.86,
    "ILS": 4.2116,
    "INR": 79.643,
    "KRW": 1273.13,
    "MXN": 23.058,
    "MYR": 4.7368,
    "NZD": 1.6613,
    "PHP": 59.352,
    "SGD": 1.5548,
    "THB": 37.259,
    "ZAR": 15.7292
  },
  "2018-11-27": {
    "USD": 1.1328,
    "JPY": 128.66,
    "BGN": 1.9558,
    "CZK": 25.914,
    "DKK": 7.4617,
    "GBP": 0.88748,
    "HUF": 324.06,
    "PLN": 4.2902,
    "RON": 4.6583,
    "SEK": 10.2823,
    "CHF": 1.1309,
    "ISK": 141.0,
    "NOK": 9.7325,
    "HRK": 7.4275,
    "RUB": 75.6401,
    "TRY": 5.9313,
    "AUD": 1.5631,
    "BRL": 4.4011,
    "CAD": 1.5018,
    "CNY": 7.8708,
    "HKD": 8.8679,
    "IDR": 16410.59,
    "ILS": 4.2215,
    "INR": 80.162,
    "KRW": 1279.17,
    "MXN": 23.1784,
    "MYR": 4.7498,
    "NZD": 1.6647,
    "PHP": 59.439,
    "SGD": 1.5582,
    "THB": 37.371,
    "ZAR": 15.632
  },
  "2018-11-26": {
    "USD": 1.1363,
    "JPY": 128.7,
    "BGN": 1.9558,
    "CZK": 25.918,
    "DKK": 7.4612,
    "GBP": 0.8844,
    "HUF": 322.9,
    "PLN": 4.292,
    "RON": 4.6588,
    "SEK": 10.293,
    "CHF": 1.1332,
    "ISK": 141.0,
    "NOK": 9.729,
    "HRK": 7.4305,
    "RUB": 76.3045,
    "TRY": 5.9459,
    "AUD": 1.5664,
    "BRL": 4.3808,
    "CAD": 1.5011,
    "CNY": 7.8869,
    "HKD": 8.8906,
    "IDR": 16447.94,
    "ILS": 4.2407,
    "INR": 80.5385,
    "KRW": 1281.86,
    "MXN": 23.2106,
    "MYR": 4.7588,
    "NZD": 1.6709,
    "PHP": 59.559,
    "SGD": 1.5604,
    "THB": 37.543,
    "ZAR": 15.7322
  },
  "2018-11-23": {
    "USD": 1.1352,
    "JPY": 128.07,
    "BGN": 1.9558,
    "CZK": 25.954,
    "DKK": 7.4618,
    "GBP": 0.8848,
    "HUF": 322.03,
    "PLN": 4.2949,
    "RON": 4.6577,
    "SEK": 10.3043,
    "CHF": 1.1316,
    "ISK": 140.4,
    "NOK": 9.7365,
    "HRK": 7.4324,
    "RUB": 74.7114,
    "TRY": 5.9992,
    "AUD": 1.5708,
    "BRL": 4.3205,
    "CAD": 1.5019,
    "CNY": 7.8866,
    "HKD": 8.8837,
    "IDR": 16495.81,
    "ILS": 4.2413,
    "INR": 80.204,
    "KRW": 1285.15,
    "MXN": 23.0983,
    "MYR": 4.7635,
    "NZD": 1.6747,
    "PHP": 59.477,
    "SGD": 1.5605,
    "THB": 37.552,
    "ZAR": 15.7507
  },
  "2018-11-22": {
    "USD": 1.1403,
    "JPY": 128.8,
    "BGN": 1.9558,
    "CZK": 25.99,
    "DKK": 7.4616,
    "GBP": 0.88598,
    "HUF": 321.52,
    "PLN": 4.3004,
    "RON": 4.6593,
    "SEK": 10.3035,
    "CHF": 1.1351,
    "ISK": 141.2,
    "NOK": 9.7398,
    "HRK": 7.4285,
    "RUB": 74.7458,
    "TRY": 6.0336,
    "AUD": 1.5721,
    "BRL": 4.3368,
    "CAD": 1.5074,
    "CNY": 7.9052,
    "HKD": 8.9299,
    "IDR": 16584.0,
    "ILS": 4.259,
    "INR": 80.6045,
    "KRW": 1287.51,
    "MXN": 23.066,
    "MYR": 4.7801,
    "NZD": 1.6744,
    "PHP": 59.749,
    "SGD": 1.5652,
    "THB": 37.607,
    "ZAR": 15.7042
  },
  "2018-11-21": {
    "USD": 1.1409,
    "JPY": 129.04,
    "BGN": 1.9558,
    "CZK": 26.002,
    "DKK": 7.4617,
    "GBP": 0.89108,
    "HUF": 321.63,
    "PLN": 4.2995,
    "RON": 4.6632,
    "SEK": 10.3143,
    "CHF": 1.1341,
    "ISK": 141.2,
    "NOK": 9.729,
    "HRK": 7.4318,
    "RUB": 75.0963,
    "TRY": 6.0888,
    "AUD": 1.5725,
    "BRL": 4.3262,
    "CAD": 1.5144,
    "CNY": 7.9121,
    "HKD": 8.9361,
    "IDR": 16655.14,
    "ILS": 4.2603,
    "INR": 81.352,
    "KRW": 1287.06,
    "MXN": 23.118,
    "MYR": 4.7735,
    "NZD": 1.6686,
    "PHP": 59.593,
    "SGD": 1.5663,
    "THB": 37.593,
    "ZAR": 15.902
  },
  "2018-11-20": {
    "USD": 1.1421,
    "JPY": 128.34,
    "BGN": 1.9558,
    "CZK": 26.032,
    "DKK": 7.4627,
    "GBP": 0.88908,
    "HUF": 321.25,
    "PLN": 4.3177,
    "RON": 4.6673,
    "SEK": 10.3133,
    "CHF": 1.1328,
    "ISK": 140.8,
    "NOK": 9.7135,
    "HRK": 7.4277,
    "RUB": 75.0039,
    "TRY": 6.1203,
    "AUD": 1.5712,
    "BRL": 4.2919,
    "CAD": 1.5071,
    "CNY": 7.9299,
    "HKD": 8.9445,
    "IDR": 16672.0,
    "ILS": 4.2475,
    "INR": 81.65,
    "KRW": 1287.96,
    "MXN": 23.3031,
    "MYR": 4.7803,
    "NZD": 1.6683,
    "PHP": 59.859,
    "SGD": 1.5675,
    "THB": 37.655,
    "ZAR": 16.0629
  },
  "2018-11-19": {
    "USD": 1.1427,
    "JPY": 128.89,
    "BGN": 1.9558,
    "CZK": 26.013,
    "DKK": 7.4625,
    "GBP": 0.89083,
    "HUF": 321.65,
    "PLN": 4.3293,
    "RON": 4.6666,
    "SEK": 10.2815,
    "CHF": 1.1391,
    "ISK": 140.8,
    "NOK": 9.6493,
    "HRK": 7.4253,
    "RUB": 75.2885,
    "TRY": 6.0735,
    "AUD": 1.566,
    "BRL": 4.2907,
    "CAD": 1.5055,
    "CNY": 7.9349,
    "HKD": 8.9491,
    "IDR": 16672.0,
    "ILS": 4.2368,
    "INR": 81.8825,
    "KRW": 1287.63,
    "MXN": 23.166,
    "MYR": 4.7848,
    "NZD": 1.674,
    "PHP": 60.02,
    "SGD": 1.5684,
    "THB": 37.623,
    "ZAR": 16.0122
  },
  "2018-11-16": {
    "USD": 1.1346,
    "JPY": 128.37,
    "BGN": 1.9558,
    "CZK": 25.985,
    "DKK": 7.4618,
    "GBP": 0.8835,
    "HUF": 321.93,
    "PLN": 4.3154,
    "RON": 4.6648,
    "SEK": 10.262,
    "CHF": 1.1431,
    "ISK": 140.2,
    "NOK": 9.6118,
    "HRK": 7.428,
    "RUB": 74.9036,
    "TRY": 6.0754,
    "AUD": 1.5623,
    "BRL": 4.2666,
    "CAD": 1.4955,
    "CNY": 7.8859,
    "HKD": 8.8868,
    "IDR": 16578.0,
    "ILS": 4.207,
    "INR": 81.5735,
    "KRW": 1283.8,
    "MXN": 23.0573,
    "MYR": 4.7562,
    "NZD": 1.6653,
    "PHP": 59.873,
    "SGD": 1.5612,
    "THB": 37.385,
    "ZAR": 16.1185
  },
  "2018-11-15": {
    "USD": 1.1305,
    "JPY": 128.16,
    "BGN": 1.9558,
    "CZK": 25.985,
    "DKK": 7.4622,
    "GBP": 0.8837,
    "HUF": 321.99,
    "PLN": 4.2933,
    "RON": 4.665,
    "SEK": 10.2553,
    "CHF": 1.1365,
    "ISK": 140.4,
    "NOK": 9.6028,
    "HRK": 7.427,
    "RUB": 75.2446,
    "TRY": 6.1047,
    "AUD": 1.5564,
    "BRL": 4.2772,
    "CAD": 1.4949,
    "CNY": 7.8448,
    "HKD": 8.8558,
    "IDR": 16599.19,
    "ILS": 4.1776,
    "INR": 81.37,
    "KRW": 1277.99,
    "MXN": 23.0659,
    "MYR": 4.7358,
    "NZD": 1.6601,
    "PHP": 59.614,
    "SGD": 1.557,
    "THB": 37.278,
    "ZAR": 16.1238
  },
  "2018-11-14": {
    "USD": 1.1296,
    "JPY": 128.64,
    "BGN": 1.9558,
    "CZK": 25.994,
    "DKK": 7.4621,
    "GBP": 0.87048,
    "HUF": 322.68,
    "PLN": 4.2911,
    "RON": 4.6601,
    "SEK": 10.2685,
    "CHF": 1.1395,
    "ISK": 140.2,
    "NOK": 9.599,
    "HRK": 7.423,
    "RUB": 76.3414,
    "TRY": 6.1725,
    "AUD": 1.5657,
    "BRL": 4.2901,
    "CAD": 1.4937,
    "CNY": 7.8543,
    "HKD": 8.8473,
    "IDR": 16680.18,
    "ILS": 4.1731,
    "INR": 81.674,
    "KRW": 1278.88,
    "MXN": 23.0803,
    "MYR": 4.7469,
    "NZD": 1.6651,
    "PHP": 59.989,
    "SGD": 1.5589,
    "THB": 37.243,
    "ZAR": 16.2025
  },
  "2018-11-13": {
    "USD": 1.1261,
    "JPY": 128.32,
    "BGN": 1.9558,
    "CZK": 25.939,
    "DKK": 7.4613,
    "GBP": 0.86945,
    "HUF": 322.89,
    "PLN": 4.2992,
    "RON": 4.6612,
    "SEK": 10.2284,
    "CHF": 1.1368,
    "ISK": 139.4,
    "NOK": 9.5563,
    "HRK": 7.4238,
    "RUB": 76.199,
    "TRY": 6.1857,
    "AUD": 1.5628,
    "BRL": 4.2479,
    "CAD": 1.4888,
    "CNY": 7.8354,
    "HKD": 8.8161,
    "IDR": 16692.18,
    "ILS": 4.1593,
    "INR": 81.839,
    "KRW": 1277.21,
    "MXN": 23.0152,
    "MYR": 4.7229,
    "NZD": 1.6684,
    "PHP": 59.885,
    "SGD": 1.5559,
    "THB": 37.178,
    "ZAR": 16.2504
  },
  "2018-11-12": {
    "USD": 1.1265,
    "JPY": 128.2,
    "BGN": 1.9558,
    "CZK": 25.942,
    "DKK": 7.4597,
    "GBP": 0.87563,
    "HUF": 321.72,
    "PLN": 4.2968,
    "RON": 4.6575,
    "SEK": 10.2705,
    "CHF": 1.1368,
    "ISK": 138.5,
    "NOK": 9.5378,
    "HRK": 7.427,
    "RUB": 76.18,
    "TRY": 6.1282,
    "AUD": 1.5623,
    "BRL": 4.2217,
    "CAD": 1.4873,
    "CNY": 7.8447,
    "HKD": 8.8242,
    "IDR": 16680.1,
    "ILS": 4.1423,
    "INR": 82.1106,
    "KRW": 1280.12,
    "MXN": 22.8373,
    "MYR": 4.7133,
    "NZD": 1.6699,
    "PHP": 59.973,
    "SGD": 1.556,
    "THB": 37.298,
    "ZAR": 16.1851
  },
  "2018-11-09": {
    "USD": 1.1346,
    "JPY": 129.26,
    "BGN": 1.9558,
    "CZK": 25.936,
    "DKK": 7.4594,
    "GBP": 0.87053,
    "HUF": 321.31,
    "PLN": 4.288,
    "RON": 4.657,
    "SEK": 10.2648,
    "CHF": 1.1414,
    "ISK": 138.5,
    "NOK": 9.5418,
    "HRK": 7.43,
    "RUB": 76.4283,
    "TRY": 6.2261,
    "AUD": 1.5663,
    "BRL": 4.254,
    "CAD": 1.4969,
    "CNY": 7.8852,
    "HKD": 8.8843,
    "IDR": 16661.6,
    "ILS": 4.171,
    "INR": 82.264,
    "KRW": 1278.77,
    "MXN": 23.0001,
    "MYR": 4.7399,
    "NZD": 1.6815,
    "PHP": 60.256,
    "SGD": 1.5627,
    "THB": 37.453,
    "ZAR": 16.1884
  },
  "2018-11-08": {
    "USD": 1.1424,
    "JPY": 129.9,
    "BGN": 1.9558,
    "CZK": 25.887,
    "DKK": 7.4597,
    "GBP": 0.87163,
    "HUF": 321.44,
    "PLN": 4.2915,
    "RON": 4.6602,
    "SEK": 10.2528,
    "CHF": 1.1456,
    "ISK": 138.3,
    "NOK": 9.5078,
    "HRK": 7.4315,
    "RUB": 75.8313,
    "TRY": 6.1926,
    "AUD": 1.5668,
    "BRL": 4.2622,
    "CAD": 1.4972,
    "CNY": 7.9192,
    "HKD": 8.9414,
    "IDR": 16610.5,
    "ILS": 4.195,
    "INR": 82.7195,
    "KRW": 1275.88,
    "MXN": 22.686,
    "MYR": 4.7563,
    "NZD": 1.6838,
    "PHP": 60.308,
    "SGD": 1.5663,
    "THB": 37.596,
    "ZAR": 15.959
  },
  "2018-11-07": {
    "USD": 1.1487,
    "JPY": 130.02,
    "BGN": 1.9558,
    "CZK": 25.88,
    "DKK": 7.4598,
    "GBP": 0.87403,
    "HUF": 321.76,
    "PLN": 4.294,
    "RON": 4.6621,
    "SEK": 10.3313,
    "CHF": 1.1444,
    "ISK": 138.1,
    "NOK": 9.5328,
    "HRK": 7.4338,
    "RUB": 75.7709,
    "TRY": 6.1357,
    "AUD": 1.575,
    "BRL": 4.3061,
    "CAD": 1.5019,
    "CNY": 7.9426,
    "HKD": 8.9935,
    "IDR": 16748.05,
    "ILS": 4.2182,
    "INR": 83.28,
    "KRW": 1286.25,
    "MXN": 22.6326,
    "MYR": 4.7734,
    "NZD": 1.6954,
    "PHP": 60.584,
    "SGD": 1.5729,
    "THB": 37.66,
    "ZAR": 16.0216
  },
  "2018-11-06": {
    "USD": 1.1428,
    "JPY": 129.31,
    "BGN": 1.9558,
    "CZK": 25.833,
    "DKK": 7.4593,
    "GBP": 0.87313,
    "HUF": 322.06,
    "PLN": 4.3088,
    "RON": 4.6647,
    "SEK": 10.347,
    "CHF": 1.146,
    "ISK": 137.9,
    "NOK": 9.5448,
    "HRK": 7.4383,
    "RUB": 75.3169,
    "TRY": 6.1246,
    "AUD": 1.5789,
    "BRL": 4.2833,
    "CAD": 1.4996,
    "CNY": 7.9015,
    "HKD": 8.951,
    "IDR": 16916.3,
    "ILS": 4.2135,
    "INR": 83.3785,
    "KRW": 1280.9,
    "MXN": 22.7736,
    "MYR": 4.7604,
    "NZD": 1.7105,
    "PHP": 60.482,
    "SGD": 1.5693,
    "THB": 37.644,
    "ZAR": 16.2351
  },
  "2018-11-05": {
    "USD": 1.137,
    "JPY": 128.81,
    "BGN": 1.9558,
    "CZK": 25.846,
    "DKK": 7.4596,
    "GBP": 0.87535,
    "HUF": 322.44,
    "PLN": 4.3126,
    "RON": 4.6608,
    "SEK": 10.3268,
    "CHF": 1.1437,
    "ISK": 137.9,
    "NOK": 9.524,
    "HRK": 7.4383,
    "RUB": 75.4376,
    "TRY": 6.1783,
    "AUD": 1.5803,
    "BRL": 4.2253,
    "CAD": 1.4887,
    "CNY": 7.878,
    "HKD": 8.9047,
    "IDR": 17027.71,
    "ILS": 4.2089,
    "INR": 83.092,
    "KRW": 1278.67,
    "MXN": 22.8514,
    "MYR": 4.7475,
    "NZD": 1.7085,
    "PHP": 60.515,
    "SGD": 1.5651,
    "THB": 37.476,
    "ZAR": 16.323
  },
  "2018-11-02": {
    "USD": 1.1417,
    "JPY": 128.89,
    "BGN": 1.9558,
    "CZK": 25.782,
    "DKK": 7.4603,
    "GBP": 0.8787,
    "HUF": 321.62,
    "PLN": 4.3202,
    "RON": 4.6612,
    "SEK": 10.3123,
    "CHF": 1.1422,
    "ISK": 138.1,
    "NOK": 9.5143,
    "HRK": 7.4393,
    "RUB": 75.3127,
    "TRY": 6.2539,
    "AUD": 1.584,
    "BRL": 4.2205,
    "CAD": 1.4956,
    "CNY": 7.8712,
    "HKD": 8.9391,
    "IDR": 17031.88,
    "ILS": 4.216,
    "INR": 82.7085,
    "KRW": 1276.25,
    "MXN": 22.8399,
    "MYR": 4.7483,
    "NZD": 1.7154,
    "PHP": 60.693,
    "SGD": 1.5686,
    "THB": 37.539,
    "ZAR": 16.372
  },
  "2018-11-01": {
    "USD": 1.1393,
    "JPY": 128.52,
    "BGN": 1.9558,
    "CZK": 25.879,
    "DKK": 7.4604,
    "GBP": 0.88173,
    "HUF": 322.96,
    "PLN": 4.3269,
    "RON": 4.664,
    "SEK": 10.3158,
    "CHF": 1.143,
    "ISK": 137.9,
    "NOK": 9.515,
    "HRK": 7.436,
    "RUB": 74.8346,
    "TRY": 6.3245,
    "AUD": 1.5857,
    "BRL": 4.2078,
    "CAD": 1.4904,
    "CNY": 7.9046,
    "HKD": 8.9293,
    "IDR": 17192.3,
    "ILS": 4.2245,
    "INR": 83.68,
    "KRW": 1285.7,
    "MXN": 22.9917,
    "MYR": 4.7674,
    "NZD": 1.719,
    "PHP": 60.642,
    "SGD": 1.5701,
    "THB": 37.529,
    "ZAR": 16.6021
  },
  "2018-10-31": {
    "USD": 1.1318,
    "JPY": 128.15,
    "BGN": 1.9558,
    "CZK": 25.922,
    "DKK": 7.4614,
    "GBP": 0.88873,
    "HUF": 325.1,
    "PLN": 4.3392,
    "RON": 4.6643,
    "SEK": 10.4015,
    "CHF": 1.1399,
    "ISK": 137.7,
    "NOK": 9.5528,
    "HRK": 7.4325,
    "RUB": 74.4074,
    "TRY": 6.2255,
    "AUD": 1.5972,
    "BRL": 4.1943,
    "CAD": 1.4856,
    "CNY": 7.8935,
    "HKD": 8.8787,
    "IDR": 17206.19,
    "ILS": 4.2119,
    "INR": 83.7305,
    "KRW": 1291.1,
    "MXN": 22.9029,
    "MYR": 4.736,
    "NZD": 1.7322,
    "PHP": 60.471,
    "SGD": 1.5696,
    "THB": 37.535,
    "ZAR": 16.7942
  },
  "2018-10-30": {
    "USD": 1.1372,
    "JPY": 128.28,
    "BGN": 1.9558,
    "CZK": 25.87,
    "DKK": 7.4614,
    "GBP": 0.89148,
    "HUF": 324.95,
    "PLN": 4.3307,
    "RON": 4.667,
    "SEK": 10.42,
    "CHF": 1.1386,
    "ISK": 137.7,
    "NOK": 9.5435,
    "HRK": 7.4315,
    "RUB": 74.6963,
    "TRY": 6.2613,
    "AUD": 1.6025,
    "BRL": 4.2282,
    "CAD": 1.4941,
    "CNY": 7.9203,
    "HKD": 8.9229,
    "IDR": 17301.42,
    "ILS": 4.2159,
    "INR": 83.728,
    "KRW": 1295.91,
    "MXN": 22.7513,
    "MYR": 4.7558,
    "NZD": 1.7349,
    "PHP": 60.862,
    "SGD": 1.5739,
    "THB": 37.88,
    "ZAR": 16.6291
  },
  "2018-10-29": {
    "USD": 1.1381,
    "JPY": 127.92,
    "BGN": 1.9558,
    "CZK": 25.849,
    "DKK": 7.4614,
    "GBP": 0.88788,
    "HUF": 324.4,
    "PLN": 4.3182,
    "RON": 4.6647,
    "SEK": 10.391,
    "CHF": 1.1384,
    "ISK": 137.5,
    "NOK": 9.513,
    "HRK": 7.4316,
    "RUB": 74.6394,
    "TRY": 6.3105,
    "AUD": 1.6061,
    "BRL": 4.1231,
    "CAD": 1.4917,
    "CNY": 7.9195,
    "HKD": 8.927,
    "IDR": 17320.74,
    "ILS": 4.217,
    "INR": 83.5595,
    "KRW": 1297.35,
    "MXN": 22.3632,
    "MYR": 4.7538,
    "NZD": 1.7401,
    "PHP": 61.101,
    "SGD": 1.5737,
    "THB": 37.796,
    "ZAR": 16.4761
  },
  "2018-10-26": {
    "USD": 1.1345,
    "JPY": 127.13,
    "BGN": 1.9558,
    "CZK": 25.86,
    "DKK": 7.4607,
    "GBP": 0.8868,
    "HUF": 324.41,
    "PLN": 4.3177,
    "RON": 4.6606,
    "SEK": 10.4025,
    "CHF": 1.1367,
    "ISK": 137.1,
    "NOK": 9.516,
    "HRK": 7.4325,
    "RUB": 74.7073,
    "TRY": 6.3949,
    "AUD": 1.6142,
    "BRL": 4.2125,
    "CAD": 1.4916,
    "CNY": 7.8801,
    "HKD": 8.895,
    "IDR": 17252.4,
    "ILS": 4.2028,
    "INR": 83.34,
    "KRW": 1298.16,
    "MXN": 22.1824,
    "MYR": 4.7498,
    "NZD": 1.7535,
    "PHP": 60.877,
    "SGD": 1.5705,
    "THB": 37.569,
    "ZAR": 16.6992
  },
  "2018-10-25": {
    "USD": 1.1416,
    "JPY": 128.27,
    "BGN": 1.9558,
    "CZK": 25.831,
    "DKK": 7.461,
    "GBP": 0.88533,
    "HUF": 323.91,
    "PLN": 4.3094,
    "RON": 4.6647,
    "SEK": 10.393,
    "CHF": 1.1407,
    "ISK": 137.1,
    "NOK": 9.4898,
    "HRK": 7.4319,
    "RUB": 74.8575,
    "TRY": 6.4446,
    "AUD": 1.6095,
    "BRL": 4.2357,
    "CAD": 1.4893,
    "CNY": 7.9276,
    "HKD": 8.9502,
    "IDR": 17338.05,
    "ILS": 4.2083,
    "INR": 83.6525,
    "KRW": 1296.4,
    "MXN": 22.255,
    "MYR": 4.7599,
    "NZD": 1.7473,
    "PHP": 61.283,
    "SGD": 1.5744,
    "THB": 37.57,
    "ZAR": 16.5315
  },
  "2018-10-24": {
    "USD": 1.1389,
    "JPY": 128.37,
    "BGN": 1.9558,
    "CZK": 25.833,
    "DKK": 7.4604,
    "GBP": 0.88233,
    "HUF": 323.22,
    "PLN": 4.3053,
    "RON": 4.659,
    "SEK": 10.359,
    "CHF": 1.1373,
    "ISK": 137.3,
    "NOK": 9.4868,
    "HRK": 7.4273,
    "RUB": 74.369,
    "TRY": 6.4991,
    "AUD": 1.6067,
    "BRL": 4.2198,
    "CAD": 1.49,
    "CNY": 7.909,
    "HKD": 8.9308,
    "IDR": 17307.86,
    "ILS": 4.1927,
    "INR": 83.3255,
    "KRW": 1291.15,
    "MXN": 22.0293,
    "MYR": 4.7452,
    "NZD": 1.7408,
    "PHP": 61.207,
    "SGD": 1.5724,
    "THB": 37.481,
    "ZAR": 16.3455
  },
  "2018-10-23": {
    "USD": 1.1478,
    "JPY": 128.76,
    "BGN": 1.9558,
    "CZK": 25.814,
    "DKK": 7.4603,
    "GBP": 0.88103,
    "HUF": 322.81,
    "PLN": 4.296,
    "RON": 4.667,
    "SEK": 10.3606,
    "CHF": 1.1424,
    "ISK": 136.3,
    "NOK": 9.5053,
    "HRK": 7.4275,
    "RUB": 75.0301,
    "TRY": 6.6227,
    "AUD": 1.6243,
    "BRL": 4.2412,
    "CAD": 1.5047,
    "CNY": 7.9613,
    "HKD": 8.999,
    "IDR": 17435.02,
    "ILS": 4.2086,
    "INR": 84.4435,
    "KRW": 1305.81,
    "MXN": 22.2469,
    "MYR": 4.7778,
    "NZD": 1.7514,
    "PHP": 61.716,
    "SGD": 1.5822,
    "THB": 37.705,
    "ZAR": 16.4759
  },
  "2018-10-22": {
    "USD": 1.1494,
    "JPY": 129.63,
    "BGN": 1.9558,
    "CZK": 25.848,
    "DKK": 7.4603,
    "GBP": 0.88425,
    "HUF": 323.12,
    "PLN": 4.2905,
    "RON": 4.6669,
    "SEK": 10.331,
    "CHF": 1.1456,
    "ISK": 135.2,
    "NOK": 9.4688,
    "HRK": 7.4325,
    "RUB": 75.0427,
    "TRY": 6.509,
    "AUD": 1.6185,
    "BRL": 4.259,
    "CAD": 1.5044,
    "CNY": 7.9801,
    "HKD": 9.0107,
    "IDR": 17467.72,
    "ILS": 4.2038,
    "INR": 84.546,
    "KRW": 1300.75,
    "MXN": 22.182,
    "MYR": 4.7797,
    "NZD": 1.7492,
    "PHP": 61.841,
    "SGD": 1.5855,
    "THB": 37.672,
    "ZAR": 16.425
  },
  "2018-10-19": {
    "USD": 1.147,
    "JPY": 129.05,
    "BGN": 1.9558,
    "CZK": 25.867,
    "DKK": 7.4606,
    "GBP": 0.8802,
    "HUF": 323.2,
    "PLN": 4.3017,
    "RON": 4.6665,
    "SEK": 10.3358,
    "CHF": 1.1421,
    "ISK": 134.5,
    "NOK": 9.4518,
    "HRK": 7.4295,
    "RUB": 75.2418,
    "TRY": 6.4544,
    "AUD": 1.6065,
    "BRL": 4.2362,
    "CAD": 1.4947,
    "CNY": 7.9489,
    "HKD": 8.9915,
    "IDR": 17420.06,
    "ILS": 4.1957,
    "INR": 84.123,
    "KRW": 1296.11,
    "MXN": 21.8911,
    "MYR": 4.7681,
    "NZD": 1.7379,
    "PHP": 61.605,
    "SGD": 1.58,
    "THB": 37.358,
    "ZAR": 16.4499
  },
  "2018-10-18": {
    "USD": 1.1505,
    "JPY": 129.44,
    "BGN": 1.9558,
    "CZK": 25.863,
    "DKK": 7.4606,
    "GBP": 0.87843,
    "HUF": 322.42,
    "PLN": 4.2989,
    "RON": 4.6683,
    "SEK": 10.333,
    "CHF": 1.1451,
    "ISK": 136.8,
    "NOK": 9.4598,
    "HRK": 7.421,
    "RUB": 75.505,
    "TRY": 6.419,
    "AUD": 1.6119,
    "BRL": 4.2453,
    "CAD": 1.5009,
    "CNY": 7.9835,
    "HKD": 9.0192,
    "IDR": 17480.12,
    "ILS": 4.2009,
    "INR": 84.685,
    "KRW": 1306.55,
    "MXN": 21.8143,
    "MYR": 4.7821,
    "NZD": 1.7522,
    "PHP": 62.137,
    "SGD": 1.5863,
    "THB": 37.512,
    "ZAR": 16.4104
  },
  "2018-10-17": {
    "USD": 1.153,
    "JPY": 129.43,
    "BGN": 1.9558,
    "CZK": 25.843,
    "DKK": 7.4604,
    "GBP": 0.87945,
    "HUF": 322.55,
    "PLN": 4.294,
    "RON": 4.6658,
    "SEK": 10.3148,
    "CHF": 1.1453,
    "ISK": 137.2,
    "NOK": 9.4293,
    "HRK": 7.4165,
    "RUB": 75.6506,
    "TRY": 6.5818,
    "AUD": 1.619,
    "BRL": 4.309,
    "CAD": 1.4957,
    "CNY": 7.9887,
    "HKD": 9.0373,
    "IDR": 17489.57,
    "ILS": 4.2076,
    "INR": 84.8915,
    "KRW": 1299.48,
    "MXN": 21.7267,
    "MYR": 4.7881,
    "NZD": 1.7563,
    "PHP": 62.181,
    "SGD": 1.5867,
    "THB": 37.542,
    "ZAR": 16.4471
  },
  "2018-10-16": {
    "USD": 1.1587,
    "JPY": 129.92,
    "BGN": 1.9558,
    "CZK": 25.821,
    "DKK": 7.4609,
    "GBP": 0.87593,
    "HUF": 322.06,
    "PLN": 4.289,
    "RON": 4.668,
    "SEK": 10.3165,
    "CHF": 1.1444,
    "ISK": 135.8,
    "NOK": 9.4198,
    "HRK": 7.4168,
    "RUB": 75.8119,
    "TRY": 6.707,
    "AUD": 1.6243,
    "BRL": 4.3017,
    "CAD": 1.501,
    "CNY": 8.0095,
    "HKD": 9.0806,
    "IDR": 17570.93,
    "ILS": 4.2225,
    "INR": 85.12,
    "KRW": 1301.92,
    "MXN": 21.7751,
    "MYR": 4.8083,
    "NZD": 1.7604,
    "PHP": 62.381,
    "SGD": 1.5925,
    "THB": 37.733,
    "ZAR": 16.5064
  },
  "2018-10-15": {
    "USD": 1.1581,
    "JPY": 129.53,
    "BGN": 1.9558,
    "CZK": 25.798,
    "DKK": 7.4609,
    "GBP": 0.88045,
    "HUF": 323.45,
    "PLN": 4.2942,
    "RON": 4.6673,
    "SEK": 10.392,
    "CHF": 1.1428,
    "ISK": 134.6,
    "NOK": 9.4598,
    "HRK": 7.4135,
    "RUB": 75.924,
    "TRY": 6.686,
    "AUD": 1.6231,
    "BRL": 4.3498,
    "CAD": 1.5085,
    "CNY": 8.0135,
    "HKD": 9.0767,
    "IDR": 17614.7,
    "ILS": 4.2011,
    "INR": 85.4735,
    "KRW": 1307.61,
    "MXN": 21.8192,
    "MYR": 4.8131,
    "NZD": 1.7723,
    "PHP": 62.649,
    "SGD": 1.5945,
    "THB": 37.841,
    "ZAR": 16.7129
  },
  "2018-10-12": {
    "USD": 1.1574,
    "JPY": 129.99,
    "BGN": 1.9558,
    "CZK": 25.777,
    "DKK": 7.4602,
    "GBP": 0.8764,
    "HUF": 324.15,
    "PLN": 4.2936,
    "RON": 4.6613,
    "SEK": 10.3593,
    "CHF": 1.147,
    "ISK": 134.4,
    "NOK": 9.4675,
    "HRK": 7.4115,
    "RUB": 76.2999,
    "TRY": 6.802,
    "AUD": 1.6236,
    "BRL": 4.3784,
    "CAD": 1.5054,
    "CNY": 8.0043,
    "HKD": 9.0696,
    "IDR": 17598.27,
    "ILS": 4.2,
    "INR": 85.1445,
    "KRW": 1309.22,
    "MXN": 21.8434,
    "MYR": 4.8084,
    "NZD": 1.7768,
    "PHP": 62.581,
    "SGD": 1.5932,
    "THB": 37.882,
    "ZAR": 16.7
  },
  "2018-10-11": {
    "USD": 1.1575,
    "JPY": 130.0,
    "BGN": 1.9558,
    "CZK": 25.848,
    "DKK": 7.4603,
    "GBP": 0.8749,
    "HUF": 324.97,
    "PLN": 4.3167,
    "RON": 4.6673,
    "SEK": 10.412,
    "CHF": 1.143,
    "ISK": 134.4,
    "NOK": 9.5063,
    "HRK": 7.417,
    "RUB": 76.9207,
    "TRY": 6.9401,
    "AUD": 1.6314,
    "BRL": 4.327,
    "CAD": 1.5102,
    "CNY": 7.9982,
    "HKD": 9.0723,
    "IDR": 17634.51,
    "ILS": 4.2084,
    "INR": 85.7615,
    "KRW": 1320.7,
    "MXN": 22.1014,
    "MYR": 4.814,
    "NZD": 1.7852,
    "PHP": 62.54,
    "SGD": 1.5969,
    "THB": 37.914,
    "ZAR": 16.8958
  },
  "2018-10-10": {
    "USD": 1.15,
    "JPY": 130.23,
    "BGN": 1.9558,
    "CZK": 25.807,
    "DKK": 7.4601,
    "GBP": 0.87448,
    "HUF": 325.05,
    "PLN": 4.3096,
    "RON": 4.664,
    "SEK": 10.48,
    "CHF": 1.1412,
    "ISK": 133.6,
    "NOK": 9.4468,
    "HRK": 7.41,
    "RUB": 76.183,
    "TRY": 6.9886,
    "AUD": 1.6206,
    "BRL": 4.2893,
    "CAD": 1.4907,
    "CNY": 7.9621,
    "HKD": 9.0126,
    "IDR": 17483.45,
    "ILS": 4.1707,
    "INR": 85.3605,
    "KRW": 1307.75,
    "MXN": 21.9436,
    "MYR": 4.776,
    "NZD": 1.7792,
    "PHP": 62.307,
    "SGD": 1.5904,
    "THB": 37.864,
    "ZAR": 16.8243
  },
  "2018-10-09": {
    "USD": 1.1435,
    "JPY": 129.45,
    "BGN": 1.9558,
    "CZK": 25.805,
    "DKK": 7.4592,
    "GBP": 0.8768,
    "HUF": 325.29,
    "PLN": 4.3155,
    "RON": 4.6675,
    "SEK": 10.4445,
    "CHF": 1.1381,
    "ISK": 132.0,
    "NOK": 9.4915,
    "HRK": 7.42,
    "RUB": 76.3635,
    "TRY": 7.0183,
    "AUD": 1.6203,
    "BRL": 4.3112,
    "CAD": 1.4861,
    "CNY": 7.9185,
    "HKD": 8.959,
    "IDR": 17486.0,
    "ILS": 4.1617,
    "INR": 85.084,
    "KRW": 1301.02,
    "MXN": 21.7228,
    "MYR": 4.7541,
    "NZD": 1.7784,
    "PHP": 62.027,
    "SGD": 1.5859,
    "THB": 37.85,
    "ZAR": 17.1823
  },
  "2018-10-08": {
    "USD": 1.1478,
    "JPY": 130.11,
    "BGN": 1.9558,
    "CZK": 25.737,
    "DKK": 7.4599,
    "GBP": 0.8801,
    "HUF": 324.94,
    "PLN": 4.3081,
    "RON": 4.6675,
    "SEK": 10.4463,
    "CHF": 1.1396,
    "ISK": 131.6,
    "NOK": 9.5083,
    "HRK": 7.4225,
    "RUB": 76.7075,
    "TRY": 7.0434,
    "AUD": 1.6242,
    "BRL": 4.3093,
    "CAD": 1.4915,
    "CNY": 7.9502,
    "HKD": 8.9874,
    "IDR": 17466.65,
    "ILS": 4.1605,
    "INR": 85.008,
    "KRW": 1304.77,
    "MXN": 21.636,
    "MYR": 4.7685,
    "NZD": 1.7795,
    "PHP": 62.051,
    "SGD": 1.5894,
    "THB": 37.826,
    "ZAR": 17.061
  },
  "2018-10-05": {
    "USD": 1.1506,
    "JPY": 131.03,
    "BGN": 1.9558,
    "CZK": 25.742,
    "DKK": 7.4589,
    "GBP": 0.88165,
    "HUF": 324.59,
    "PLN": 4.3045,
    "RON": 4.6708,
    "SEK": 10.4438,
    "CHF": 1.1433,
    "ISK": 131.1,
    "NOK": 9.5133,
    "HRK": 7.4225,
    "RUB": 76.6706,
    "TRY": 7.0963,
    "AUD": 1.627,
    "BRL": 4.4216,
    "CAD": 1.4862,
    "CNY": 7.9033,
    "HKD": 9.0137,
    "IDR": 17466.11,
    "ILS": 4.1782,
    "INR": 84.8835,
    "KRW": 1298.24,
    "MXN": 21.88,
    "MYR": 4.775,
    "NZD": 1.7784,
    "PHP": 62.455,
    "SGD": 1.589,
    "THB": 37.745,
    "ZAR": 16.9754
  },
  "2018-10-04": {
    "USD": 1.1502,
    "JPY": 131.31,
    "BGN": 1.9558,
    "CZK": 25.78,
    "DKK": 7.4567,
    "GBP": 0.8858,
    "HUF": 324.43,
    "PLN": 4.3071,
    "RON": 4.6723,
    "SEK": 10.4015,
    "CHF": 1.1409,
    "ISK": 130.9,
    "NOK": 9.4643,
    "HRK": 7.424,
    "RUB": 76.6491,
    "TRY": 7.0525,
    "AUD": 1.6234,
    "BRL": 4.5116,
    "CAD": 1.48,
    "CNY": 7.9006,
    "HKD": 9.0114,
    "IDR": 17448.53,
    "ILS": 4.1862,
    "INR": 84.628,
    "KRW": 1298.27,
    "MXN": 21.9097,
    "MYR": 4.7699,
    "NZD": 1.7706,
    "PHP": 62.482,
    "SGD": 1.587,
    "THB": 37.537,
    "ZAR": 16.8813
  },
  "2018-10-03": {
    "USD": 1.1548,
    "JPY": 131.47,
    "BGN": 1.9558,
    "CZK": 25.779,
    "DKK": 7.4567,
    "GBP": 0.88895,
    "HUF": 322.87,
    "PLN": 4.2956,
    "RON": 4.6648,
    "SEK": 10.3795,
    "CHF": 1.1412,
    "ISK": 130.9,
    "NOK": 9.4443,
    "HRK": 7.427,
    "RUB": 75.7812,
    "TRY": 7.0058,
    "AUD": 1.6146,
    "BRL": 4.4737,
    "CAD": 1.482,
    "CNY": 7.9321,
    "HKD": 9.0498,
    "IDR": 17401.61,
    "ILS": 4.2007,
    "INR": 84.717,
    "KRW": 1293.3,
    "MXN": 21.6818,
    "MYR": 4.7809,
    "NZD": 1.7617,
    "PHP": 62.677,
    "SGD": 1.589,
    "THB": 37.398,
    "ZAR": 16.6031
  },
  "2018-10-02": {
    "USD": 1.1543,
    "JPY": 131.46,
    "BGN": 1.9558,
    "CZK": 25.788,
    "DKK": 7.4561,
    "GBP": 0.89043,
    "HUF": 323.47,
    "PLN": 4.2907,
    "RON": 4.6671,
    "SEK": 10.3815,
    "CHF": 1.1354,
    "ISK": 129.7,
    "NOK": 9.4393,
    "HRK": 7.4316,
    "RUB": 75.4537,
    "TRY": 6.9419,
    "AUD": 1.6081,
    "BRL": 4.6002,
    "CAD": 1.4795,
    "CNY": 7.9287,
    "HKD": 9.0442,
    "IDR": 17366.44,
    "ILS": 4.2098,
    "INR": 84.7,
    "KRW": 1290.52,
    "MXN": 21.6631,
    "MYR": 4.7805,
    "NZD": 1.7523,
    "PHP": 62.68,
    "SGD": 1.5862,
    "THB": 37.365,
    "ZAR": 16.6012
  },
  "2018-10-01": {
    "USD": 1.1606,
    "JPY": 132.25,
    "BGN": 1.9558,
    "CZK": 25.765,
    "DKK": 7.4557,
    "GBP": 0.89078,
    "HUF": 323.04,
    "PLN": 4.2796,
    "RON": 4.6605,
    "SEK": 10.33,
    "CHF": 1.1414,
    "ISK": 129.3,
    "NOK": 9.4465,
    "HRK": 7.433,
    "RUB": 76.1229,
    "TRY": 6.908,
    "AUD": 1.607,
    "BRL": 4.6869,
    "CAD": 1.4867,
    "CNY": 7.972,
    "HKD": 9.0848,
    "IDR": 17304.55,
    "ILS": 4.2251,
    "INR": 84.6215,
    "KRW": 1290.16,
    "MXN": 21.5632,
    "MYR": 4.8049,
    "NZD": 1.7572,
    "PHP": 62.733,
    "SGD": 1.5903,
    "THB": 37.418,
    "ZAR": 16.4326
  },
  "2018-09-28": {
    "USD": 1.1576,
    "JPY": 131.23,
    "BGN": 1.9558,
    "CZK": 25.731,
    "DKK": 7.4564,
    "GBP": 0.8873,
    "HUF": 324.37,
    "PLN": 4.2774,
    "RON": 4.6638,
    "SEK": 10.309,
    "CHF": 1.1316,
    "ISK": 128.7,
    "NOK": 9.4665,
    "HRK": 7.4346,
    "RUB": 76.1422,
    "TRY": 6.965,
    "AUD": 1.6048,
    "BRL": 4.6535,
    "CAD": 1.5064,
    "CNY": 7.9662,
    "HKD": 9.0579,
    "IDR": 17249.98,
    "ILS": 4.2118,
    "INR": 83.916,
    "KRW": 1285.75,
    "MXN": 21.78,
    "MYR": 4.789,
    "NZD": 1.7505,
    "PHP": 62.648,
    "SGD": 1.5839,
    "THB": 37.448,
    "ZAR": 16.4447
  },
  "2018-09-27": {
    "USD": 1.1707,
    "JPY": 132.15,
    "BGN": 1.9558,
    "CZK": 25.715,
    "DKK": 7.4591,
    "GBP": 0.88973,
    "HUF": 323.7,
    "PLN": 4.2779,
    "RON": 4.6701,
    "SEK": 10.3208,
    "CHF": 1.1371,
    "ISK": 128.7,
    "NOK": 9.5015,
    "HRK": 7.4318,
    "RUB": 76.9011,
    "TRY": 7.0415,
    "AUD": 1.62,
    "BRL": 4.729,
    "CAD": 1.5301,
    "CNY": 8.055,
    "HKD": 9.1478,
    "IDR": 17450.33,
    "ILS": 4.2188,
    "INR": 84.983,
    "KRW": 1301.82,
    "MXN": 22.0889,
    "MYR": 4.8398,
    "NZD": 1.7638,
    "PHP": 63.357,
    "SGD": 1.5976,
    "THB": 37.96,
    "ZAR": 16.5152
  },
  "2018-09-26": {
    "USD": 1.1737,
    "JPY": 132.61,
    "BGN": 1.9558,
    "CZK": 25.605,
    "DKK": 7.4584,
    "GBP": 0.8908,
    "HUF": 323.85,
    "PLN": 4.2826,
    "RON": 4.6611,
    "SEK": 10.3763,
    "CHF": 1.1369,
    "ISK": 128.9,
    "NOK": 9.5465,
    "HRK": 7.4275,
    "RUB": 77.4075,
    "TRY": 7.182,
    "AUD": 1.6202,
    "BRL": 4.7985,
    "CAD": 1.5214,
    "CNY": 8.0685,
    "HKD": 9.1676,
    "IDR": 17532.2,
    "ILS": 4.2117,
    "INR": 85.219,
    "KRW": 1309.19,
    "MXN": 22.3375,
    "MYR": 4.8603,
    "NZD": 1.7668,
    "PHP": 63.728,
    "SGD": 1.6027,
    "THB": 38.098,
    "ZAR": 16.7827
  },
  "2018-09-25": {
    "USD": 1.1777,
    "JPY": 132.78,
    "BGN": 1.9558,
    "CZK": 25.613,
    "DKK": 7.4597,
    "GBP": 0.89425,
    "HUF": 324.08,
    "PLN": 4.293,
    "RON": 4.6618,
    "SEK": 10.3515,
    "CHF": 1.1376,
    "ISK": 130.7,
    "NOK": 9.5713,
    "HRK": 7.4285,
    "RUB": 77.3603,
    "TRY": 7.2323,
    "AUD": 1.6234,
    "BRL": 4.8532,
    "CAD": 1.5262,
    "CNY": 8.0958,
    "HKD": 9.1974,
    "IDR": 17571.0,
    "ILS": 4.2159,
    "INR": 85.6125,
    "KRW": 1316.95,
    "MXN": 22.3696,
    "MYR": 4.8672,
    "NZD": 1.7696,
    "PHP": 63.999,
    "SGD": 1.6083,
    "THB": 38.193,
    "ZAR": 16.9294
  },
  "2018-09-24": {
    "USD": 1.1773,
    "JPY": 132.56,
    "BGN": 1.9558,
    "CZK": 25.615,
    "DKK": 7.4597,
    "GBP": 0.89458,
    "HUF": 323.49,
    "PLN": 4.3009,
    "RON": 4.6579,
    "SEK": 10.3563,
    "CHF": 1.129,
    "ISK": 129.8,
    "NOK": 9.5693,
    "HRK": 7.4265,
    "RUB": 77.5752,
    "TRY": 7.3093,
    "AUD": 1.6187,
    "BRL": 4.7822,
    "CAD": 1.5231,
    "CNY": 8.0729,
    "HKD": 9.1941,
    "IDR": 17512.34,
    "ILS": 4.2079,
    "INR": 85.5665,
    "KRW": 1315.12,
    "MXN": 22.1852,
    "MYR": 4.8611,
    "NZD": 1.7651,
    "PHP": 63.84,
    "SGD": 1.6061,
    "THB": 38.139,
    "ZAR": 16.7591
  },
  "2018-09-21": {
    "USD": 1.1759,
    "JPY": 132.44,
    "BGN": 1.9558,
    "CZK": 25.585,
    "DKK": 7.4597,
    "GBP": 0.894,
    "HUF": 324.05,
    "PLN": 4.2946,
    "RON": 4.6581,
    "SEK": 10.3315,
    "CHF": 1.1228,
    "ISK": 129.4,
    "NOK": 9.5793,
    "HRK": 7.4278,
    "RUB": 78.5108,
    "TRY": 7.3935,
    "AUD": 1.6154,
    "BRL": 4.792,
    "CAD": 1.5197,
    "CNY": 8.0503,
    "HKD": 9.184,
    "IDR": 17424.92,
    "ILS": 4.2043,
    "INR": 84.8905,
    "KRW": 1312.42,
    "MXN": 22.2132,
    "MYR": 4.8565,
    "NZD": 1.7606,
    "PHP": 63.657,
    "SGD": 1.6042,
    "THB": 38.14,
    "ZAR": 16.8918
  },
  "2018-09-20": {
    "USD": 1.1769,
    "JPY": 131.98,
    "BGN": 1.9558,
    "CZK": 25.56,
    "DKK": 7.4592,
    "GBP": 0.8859,
    "HUF": 323.75,
    "PLN": 4.2925,
    "RON": 4.6545,
    "SEK": 10.335,
    "CHF": 1.1312,
    "ISK": 129.6,
    "NOK": 9.5885,
    "HRK": 7.4265,
    "RUB": 78.067,
    "TRY": 7.432,
    "AUD": 1.6158,
    "BRL": 4.839,
    "CAD": 1.5174,
    "CNY": 8.0559,
    "HKD": 9.2313,
    "IDR": 17471.0,
    "ILS": 4.2052,
    "INR": 84.751,
    "KRW": 1316.62,
    "MXN": 22.0233,
    "MYR": 4.8694,
    "NZD": 1.7643,
    "PHP": 63.436,
    "SGD": 1.6064,
    "THB": 38.055,
    "ZAR": 17.0297
  },
  "2018-09-19": {
    "USD": 1.1667,
    "JPY": 130.94,
    "BGN": 1.9558,
    "CZK": 25.434,
    "DKK": 7.4597,
    "GBP": 0.88813,
    "HUF": 323.39,
    "PLN": 4.2951,
    "RON": 4.6523,
    "SEK": 10.3878,
    "CHF": 1.1304,
    "ISK": 128.4,
    "NOK": 9.547,
    "HRK": 7.4285,
    "RUB": 78.0688,
    "TRY": 7.3236,
    "AUD": 1.6109,
    "BRL": 4.8582,
    "CAD": 1.5136,
    "CNY": 7.9983,
    "HKD": 9.1515,
    "IDR": 17355.0,
    "ILS": 4.1775,
    "INR": 84.4515,
    "KRW": 1308.76,
    "MXN": 21.8681,
    "MYR": 4.8336,
    "NZD": 1.7684,
    "PHP": 63.023,
    "SGD": 1.5993,
    "THB": 37.871,
    "ZAR": 17.1004
  },
  "2018-09-18": {
    "USD": 1.1697,
    "JPY": 131.21,
    "BGN": 1.9558,
    "CZK": 25.448,
    "DKK": 7.4602,
    "GBP": 0.88963,
    "HUF": 323.82,
    "PLN": 4.3008,
    "RON": 4.6492,
    "SEK": 10.4179,
    "CHF": 1.1245,
    "ISK": 127.6,
    "NOK": 9.5473,
    "HRK": 7.4295,
    "RUB": 79.1659,
    "TRY": 7.5053,
    "AUD": 1.6244,
    "BRL": 4.8481,
    "CAD": 1.5237,
    "CNY": 8.0317,
    "HKD": 9.1755,
    "IDR": 17379.4,
    "ILS": 4.1891,
    "INR": 85.361,
    "KRW": 1315.11,
    "MXN": 22.0671,
    "MYR": 4.8455,
    "NZD": 1.7752,
    "PHP": 63.311,
    "SGD": 1.6031,
    "THB": 38.091,
    "ZAR": 17.4579
  },
  "2018-09-17": {
    "USD": 1.1671,
    "JPY": 130.79,
    "BGN": 1.9558,
    "CZK": 25.457,
    "DKK": 7.4594,
    "GBP": 0.88875,
    "HUF": 324.5,
    "PLN": 4.2955,
    "RON": 4.6431,
    "SEK": 10.4527,
    "CHF": 1.1236,
    "ISK": 127.8,
    "NOK": 9.562,
    "HRK": 7.4298,
    "RUB": 79.4113,
    "TRY": 7.3332,
    "AUD": 1.6258,
    "BRL": 4.8942,
    "CAD": 1.5193,
    "CNY": 8.0139,
    "HKD": 9.1579,
    "IDR": 17351.27,
    "ILS": 4.1866,
    "INR": 84.6355,
    "KRW": 1312.95,
    "MXN": 21.971,
    "MYR": 4.83,
    "NZD": 1.7742,
    "PHP": 63.211,
    "SGD": 1.6017,
    "THB": 38.071,
    "ZAR": 17.4715
  },
  "2018-09-14": {
    "USD": 1.1689,
    "JPY": 130.75,
    "BGN": 1.9558,
    "CZK": 25.473,
    "DKK": 7.4596,
    "GBP": 0.89228,
    "HUF": 323.63,
    "PLN": 4.3049,
    "RON": 4.6467,
    "SEK": 10.546,
    "CHF": 1.1274,
    "ISK": 128.6,
    "NOK": 9.6245,
    "HRK": 7.4333,
    "RUB": 79.2016,
    "TRY": 7.1474,
    "AUD": 1.626,
    "BRL": 4.8921,
    "CAD": 1.5206,
    "CNY": 8.012,
    "HKD": 9.1725,
    "IDR": 17305.56,
    "ILS": 4.1698,
    "INR": 83.946,
    "KRW": 1307.93,
    "MXN": 21.9805,
    "MYR": 4.8375,
    "NZD": 1.7778,
    "PHP": 63.179,
    "SGD": 1.6012,
    "THB": 38.071,
    "ZAR": 17.3338
  },
  "2018-09-13": {
    "USD": 1.162,
    "JPY": 129.68,
    "BGN": 1.9558,
    "CZK": 25.52,
    "DKK": 7.4596,
    "GBP": 0.89,
    "HUF": 325.11,
    "PLN": 4.3098,
    "RON": 4.6388,
    "SEK": 10.446,
    "CHF": 1.1265,
    "ISK": 131.1,
    "NOK": 9.573,
    "HRK": 7.436,
    "RUB": 79.4322,
    "TRY": 7.2068,
    "AUD": 1.6167,
    "BRL": 4.8214,
    "CAD": 1.5112,
    "CNY": 7.9542,
    "HKD": 9.1204,
    "IDR": 17199.92,
    "ILS": 4.1552,
    "INR": 83.7,
    "KRW": 1302.88,
    "MXN": 22.0335,
    "MYR": 4.8159,
    "NZD": 1.7743,
    "PHP": 62.814,
    "SGD": 1.5938,
    "THB": 37.904,
    "ZAR": 17.1545
  }
}
